Question_id,Score,Answers
1,4,استعمار الدول الأوروبية المغرب
1,4,احتلال الدول الأوروبية للمغرب
1,4,الهيمنة الأوروبية على المغرب
1,3,الاستعباد الأوروبي للمغرب
1,4,الاحتلال الأوروبي للمغرب
1,4,سيطرة الدول الأوروبية على المغرب
1,4,الاستيلاء الأوروبي على المغرب
1,4,احتلال الدول الأوروبية لأراضي المغرب
1,4,الهيمنة الاستعمارية الأوروبية على المغرب
1,4,السيطرة الاستعمارية الأوروبية على المغرب
1,4,السيطرة الاحتلالية الأوروبية على المغرب
1,3,اخد اراضي المغرب 
1,5,استيلاء الدول الأوروبية على أراضي المغرب بالقوة
1,5,الاحتلال الأوروبي لأراضي المغرب بالقوة
1,5,الغزو الأوروبي لأراضي المغرب بالقوة
1,5,السيطرة العنيفة للدول الأوروبية على أراضي المغرب
1,5,الاحتلال العسكري لأراضي المغرب من قبل الدول الأوروبية
1,5,الاستيلاء القسري للدول الأوروبية على أراضي المغرب
1,5,الهيمنة العنيفة للدول الأوروبية على أراضي المغرب
1,5,الغزو العسكري للدول الأوروبية لأراضي المغرب
1,5,استيلاء الدول الأوروبية على المغرب بالقوة والعنف
1,5,السيطرة القسرية للدول الأوروبية على أراضي المغرب
1,5,استيلاء الدول الأوروبية بالقوة على أراضي المغرب 
1,5,كانت العلاقة بين المغرب و الدول الأوروبية تتميز بالتوتر و الصراع حول الهيمنة على المغرب
1,5,كانت العلاقة بين المغرب و الدول الأوروبية تتميز بالتوتر و الصراع حول استعمار المغرب 
1,5,كانت العلاقة بين المغرب و الدول الأوروبية تتميز بالتوتر و الصراع حول استيلاء على المغرب 
1,5,كانت العلاقة بين المغرب و الدول الأوروبية تتميز بالتوتر و الصراع حول السيطرة على المغرب 
1,5,العلاقة بين المغرب والدول الأوروبية كانت مشحونة بالتوتر والصراع حول الهيمنة على المغرب
1,5,كانت العلاقة بين المغرب والدول الأوروبية متوترة ومتصارعة حول الهيمنة على المغرب
1,5,تميزت العلاقة بين المغرب والدول الأوروبية بالتوتر والصراع حول السيطرة على المغرب
1,5,كانت العلاقة بين المغرب والدول الأوروبية ملتهبة بالتوتر والصراع حول السيطرة على المغرب
1,5,كانت العلاقة بين المغرب والدول الأوروبية متوترة بشدة ومتصارعة حول الهيمنة على المغرب
1,5,تميزت العلاقة بين المغرب والدول الأوروبية بالتوتر الشديد والصراع على السيطرة على المغرب
1,5,كانت العلاقة بين المغرب والدول الأوروبية ممتدة في التوتر والصراع حول الهيمنة على المغرب
1,5,تميزت العلاقة بين المغرب والدول الأوروبية بالتوتر الدائم والصراع على السيطرة على المغرب
1,5,كانت العلاقة بين المغرب والدول الأوروبية تتميز بالتوتر العميق والصراع حول الهيمنة على المغرب
1,5,كانت العلاقة بين المغرب والدول الأوروبية متوترة بشدة ومتعددة الأبعاد حول الهيمنة على المغرب
1,5,تميزت العلاقة بين المغرب والدول الأوروبية بالتوتر والصراع المستمر حول السيطرة على المغرب
1,5,كانت العلاقة بين المغرب والدول الأوروبية ملتهبة بالتوتر والصراع المتواصل حول الهيمنة على المغرب
1,5,كانت العلاقة بين المغرب والدول الأوروبية متوترة ومتنازعة حول الهيمنة على المغرب
1,5,تميزت العلاقة بين المغرب والدول الأوروبية بالتوتر الشديد والصراع المعقد حول السيطرة على المغرب
1,5,كانت العلاقة بين المغرب والدول الأوروبية ملتهبة بالتوتر والصراع المتعدد الأبعاد حول الهيمنة على المغرب
1,5,كانت العلاقة بين المغرب والدول الأوروبية تتميز بالتوتر المستمر والصراع المحتدم حول السيطرة على المغرب
1,5,تميزت العلاقة بين المغرب والدول الأوروبية بالتوتر العميق والصراع المستمر حول الهيمنة على المغرب
1,5,كانت العلاقة بين المغرب والدول الأوروبية متوترة ومتضاربة حول السيطرة على المغرب
1,5,تميزت العلاقة بين المغرب والدول الأوروبية بالتوتر المستمر والصراع المعقد حول الهيمنة على المغرب
1,5,كانت العلاقة بين المغرب والدول الأوروبية متوترة بشدة ومتعددة الأوجه حول السيطرة على المغرب
1,5,كانت العلاقة بين المغرب والدول الأوروبية في القرن التاسع عشر معقدة و متغيرة و كانت محفوفة بالتوترات و الصراعات حول الهيمنة على المغرب
1,2,علاقة معقدة و متغيرة
1,2,علاقة صعبة ومتقلبة
1,2,كانت العلاقة بين المغرب و الدول الأوروبية في القرن التاسع عشر معقدة و متغيرة
1,2,كانت العلاقة بين المغرب والدول الأوروبية في القرن التاسع عشر صعبة ومتقلبة
1,2,تميزت العلاقة بين المغرب والدول الأوروبية في القرن التاسع عشر بالتعقيد والتغير المستمر
1,2,كانت العلاقة بين المغرب والدول الأوروبية في القرن التاسع عشر متعرجة ومتغيرة باستمرار
1,2,تميزت العلاقة بين المغرب والدول الأوروبية في القرن التاسع عشر بالتعقيد والتبدل المستمر
1,2,كانت العلاقة بين المغرب والدول الأوروبية في القرن التاسع عشر معقدة ومتبدلة دائماً
1,2,تميزت العلاقة بين المغرب والدول الأوروبية في القرن التاسع عشر بالتعقيد والتحول المستمر
1,2,كانت العلاقة بين المغرب والدول الأوروبية في القرن التاسع عشر صعبة ومتغيرة بشكل مستمر
1,2,تميزت العلاقة بين المغرب والدول الأوروبية في القرن التاسع عشر بالتعقيد والتغير المستمر والمتعدد
1,2,كانت العلاقة بين المغرب والدول الأوروبية في القرن التاسع عشر معقدة ومتبدلة بين الفترات
1,2,تميزت العلاقة بين المغرب والدول الأوروبية في القرن التاسع عشر بالتعقيد والتغير المستمر والمتنوع
1,2,كانت العلاقة بين المغرب و الدول الأوروبية تتميز بالتوتر      
1,0,كانت العلاقة بين المغرب و الدول الأوروبية 
1,1,كانت العلاقة بين المغرب و الدول الأوروبية في القرن التاسع عشر معقدة
1,0,كانت العلاقة بين المغرب و الدول الأوروبية
1,0,كانت العلاقة بين المغرب و الدول الأوروبية في القرن التاسع عشر
1,0,تميزت العلاقة بين المغرب والدول الأوروبية في القرن التاسع
1,0,كانت العلاقة
1,0,كانت العلاقة
1,0,كانت
1,0,الدول الأوروبية
1,0,التاسع عشر
1,0,المغرب والدول الأوروبي
1,1,السيطرة الاحتلالية
1,0,تميزت
1,1,علاقة متوترة ومتضاربة
1,1,التعقيد والتبدل المستمر
1,0.5,الاستعباد
1,0.5,الاستيلاء
1,0.5,الاحتلال
1,0.5,الهيمنة
1,1,السيطرة العنيفة
1,3,الغزو العنيف للدول الأوروبية للأراضي المغربية
1,3,سيطرة الأوروبيين بقوة على الأراضي المغربية
1,3,تحكم الدول الأوروبية على المغرب بالعنف
1,4,الاستعمار العنيف للأوروبيين في المغرب
1,1,قمع الأوروبيين للمغاربة بالقوة
1,4,تغلغل الأوروبيين بالقوة في الأراضي المغربية
1,3,الضغط العنيف للدول الأوروبية على المغرب
1,1,تعقدت العلاقة بين المغرب والدول الأوروبية في القرن التاسع عشر وتغيرت باستمرار
1,1,شهدت العلاقة بين المغرب والدول الأوروبية في القرن التاسع عشر تعقيداً وتغيراً دائمين
1,1,تعرضت العلاقة بين المغرب والدول الأوروبية في القرن التاسع عشر للتعقيد والتغير المستمر
1,1,كانت العلاقة بين المغرب والدول الأوروبية في القرن التاسع عشر متغيرة ومعقدة بشدة
1,0,تغيرت العلاقة بين المغرب والدول الأوروبية بشكل مستمر خلال القرن التاسع عشر
1,3,الغزو الأوروبي العنيف لأراضي المغرب
1,0,الغزو المغربي العنيف لأراضي الأوروبية
1,0,الاحتلال العنيف لأراضي الدول الأوروبية من قبل المغاربة
1,0,الغزو القوي للمغاربة لأراضي الدول الأوروبية
1,0,الغزو العنيف للمغربيين لأراضي الدول الأوروبية
1,0,توغل المغاربة القوي في أراضي أوروبا
1,0,الاستيلاء العنيف للمغاربة على الأراضي الأوروبية
1,0,الدول الأوروبية 
1,0,الدول الأوروبية المغرب
1,0,كانت العلاقة بين المغرب و الدول الأوروبية
1,0,تميزت العلاقة بين المغرب والدول الأوروبية
2,1,علاقة معقدة و متغيرة
2,1,علاقة صعبة ومتقلبة
2,1,نزاع طويل
2,4,نزاع طويل حول ملكية الصحراء الغربية بين المغرب والجزائر
2,4,صراع مستمر بين المغرب والجزائر حول ملكية الصحراء الغربية
2,4,صراع مستمر بين المغرب والجزائر حول ملكية الصحراء الغربية
2,4,صراع قديم بين المغرب والجزائر بشأن ملكية الصحراء الغربية
2,4,نزاع عريق بين المغرب والجزائر حول ملكية الصحراء الغربية
2,4,صراع قديم يتعلق بملكية الصحراء الغربية بين المغرب والجزائر
2,5,نزاع مستمر بين المغرب والجزائر حول ملكية الصحراء الغربية وحقيقة من يملكها
2,0,صراع
2,5,صراع طويل بين المغرب والجزائر بشأن ملكية الصحراء الغربية ومن يسيطر عليها
2,5,نزاع عريق بين المغرب والجزائر حول ملكية الصحراء الغربية وحقيقة من يملكها
2,5,صراع متواصل بين المغرب والجزائر حول ملكية الصحراء الغربية ومن يحق لها
2,5,صراعًا طويلًا حول ملكية الصحراء الغربية و التي يعتبرها المغرب جزءًا منها بينما تدعي الجزائر أن الصحراء الغربية تنتمي إليها
2,5,صراعًا طويلًا حول ملكية الصحراء الغربية المغرب يطالب  بالسيادة على المنطقة بالكامل بينما الجزائر  تسعى إلى إقامة دولة مستقلة في الصحراء الغربية
2,5,يطالب المغرب أن الصحراء الغربية تنتمي إليه بينما تطالب الجزائر أن الصحراء الغربية ملك لها 
2,5,الجزائر  تسعى إلى إقامة دولة مستقلة في الصحراء الغربية بينما المغرب  يطالب  بالسيادة على المنطقة بالكامل
2,5,تسعى الجزائر لتأسيس دولة مستقلة في الصحراء الغربية بينما يصر المغرب على سيادته على المنطقة بالكامل
2,5,تريد الجزائر إقامة دولة مستقلة في الصحراء الغربية بينما يصر المغرب على السيادة الكاملة على المنطقة
2,5,تسعى الجزائر لتأسيس دولة مستقلة في الصحراء الغربية في حين يصر المغرب على السيادة على المنطقة بالكامل
2,5,تطمح الجزائر لإقامة دولة مستقلة في الصحراء الغربية في حين يصر المغرب على الحصول على السيادة على المنطقة كلها
2,5,الجزائر تسعى لإنشاء دولة مستقلة في الصحراء الغربية في حين يطالب المغرب بسيادته على المنطقة بالكامل
2,5,الجزائر تريد إنشاء دولة مستقلة في الصحراء الغربية في حين يطالب المغرب بالسيادة على المنطقة بالكامل
2,0,الجزائر تريد
2,0,تسعى الجزائر
2,5,تسعى الجزائر لإقامة دولة مستقلة في الصحراء الغربية بينما يصر المغرب على السيادة الكاملة على المنطقة
2,5,الجزائر تريد إنشاء دولة مستقلة في الصحراء الغربية بينما يطلب المغرب السيادة على المنطقة بالكامل
2,5,تطمح الجزائر لإقامة دولة مستقلة في الصحراء الغربية في حين يطالب المغرب بالسيادة على المنطقة بأكملها
2,4,تدعي الجزائر أن الصحراء الغربية تنتمي إليها بينما المغرب يطالب  بالسيادة على المنطقة بالكامل
2,3,خلال حرب الصحراء الغربية كانت العلاقة بين المغرب و الجزائر متوترة و معقدة
2,3,كانت العلاقة بين المغرب والجزائر معقدة ومتوترة جداً خلال فترة حرب الصحراء الغربية
2,3,خلال حرب الصحراء الغربية كانت العلاقة بين المغرب والجزائر متوترة ومعقدة للغاية
2,3,كانت العلاقة بين المغرب والجزائر متأزمة ومعقدة خلال حرب الصحراء الغربية
2,3,كانت العلاقة بين المغرب والجزائر معقدة ومتوترة خلال حرب الصحراء الغربية
2,3,خلال فترة حرب الصحراء الغربية كانت العلاقة بين المغرب والجزائر متوترة ومعقدة
2,3,في فترة حرب الصحراء الغربية كانت العلاقة بين المغرب والجزائر متوترة ومعقدة
2,4,العلاقة بين المغرب والجزائر ليست جيدة بسبب الصحراء
2,4,تعاني العلاقة بين المغرب والجزائر من توترات وتحديات بسبب الصحراء
2,4,يعود سبب سوء العلاقة بين المغرب والجزائر إلى الصراع حول الصحراء
2,4,الصراع المستمر حول الصحراء هو ما يسبب التوتر في العلاقة بين المغرب والجزائر
2,4,يُعَدُّ الصراع حول الصحراء السبب الرئيسي وراء سوء العلاقة بين المغرب والجزائر
2,4,تتسم العلاقة بين المغرب والجزائر بالتوتر بسبب الخلاف حول الصحراء
2,4,يعتبر النزاع الدائر حول الصحراء سببًا رئيسيًا وراء سوء العلاقات بين المغرب والجزائر
2,4,الصراع الدائر بشأن الصحراء هو ما يحول دون تحسين العلاقة بين المغرب والجزائر
2,4,يحتدم الصراع في الصحراء بين المغرب والجزائر مما يؤثر على جودة العلاقة بينهما
2,4,تتضمن توترات العلاقة بين المغرب والجزائر الصراع الدائر بشأن الصحراء
2,4,يعتبر الصراع المستمر حول الصحراء السبب الأساسي وراء سوء العلاقة بين المغرب والجزائر
2,1,يعتبر الصراع المستمر حول الصحراء        
2,0,تتضمن توترات العلاقة بين المغرب والجزائر
2,0,يعود سبب سوء العلاقة بين المغرب والجزائر
2,0,تعاني العلاقة بين المغرب والجزائر
2,0,يعتبر النزاع الدائر 
2,3,تدعي الجزائر أن الصحراء الغربية تنتمي إليها
2,3, تطالب الجزائر أن الصحراء الغربية ملك لها
2,3,يطالب المغرب أن الصحراء الغربية تنتمي إليه
2,3,يطالب المغرب أن الصحراء الغربية ملك له
2,3,المغرب يصر على أن الصحراء الغربية تعود إليه
2,3,المغرب يطالب بأن الصحراء الغربية تكون جزءًا منه
2,3,المغرب يصر على أن الصحراء الغربية تنتمي إليه
2,3,المغرب يطلب السيادة على الصحراء الغربية
2,3,المغرب يصر على حقه في الصحراء الغربية
2,3,المغرب يطالب بأن الصحراء الغربية تكون تابعة له
2,3,المغرب يصر على أن الصحراء الغربية هي جزء من أراضيه
2,3,المغرب يطمح للحصول على الصحراء الغربية
2,3,المغرب يصر على أن الصحراء الغربية هي جزء لا يتجزأ منه
2,2,المغرب يريد الاحتفاظ بالصحراء الغربية
2,2,تطالب الجزائر  بالسيادة على المنطقة بالكامل
2,2,المغرب يطالب  بالسيادة على المنطقة بالكامل
2,2,الجزائر  تسعى إلى إقامة دولة مستقلة في الصحراء الغربية
2,2,العلاقة بين المغرب والجزائر هي علاقة عداوة
2,2,العلاقة بين المغرب والجزائر هي علاقة نزاع
2,2,العداء هو السمة البارزة في العلاقات بين المغرب والجزائر
2,2,تتميز العلاقات بين المغرب والجزائر بعداء شديد
2,2,تتسم العلاقة بين المغرب والجزائر بعداء محتدم
2,2,يمكن تصنيف العلاقة بين المغرب والجزائر بأنها عدائية
2,2,تتخلل العلاقات بين المغرب والجزائر عداء عميق
2,2,الجدل حاضر بشكل دائم في العلاقة بين المغرب والجزائر
2,2,العدائية هي الصفة البارزة في العلاقة بين المغرب والجزائر
2,2,تتسم العلاقة بين المغرب والجزائر بعداء مستمر
2,2,تتحلى العلاقات بين المغرب والجزائر بعداء محتدم
2,2,تتميز العلاقة بين المغرب والجزائر بعداء دائم
2,1,العلاقة بين المغرب والجزائر ليست جيدة
2,1,تعاني العلاقة بين المغرب والجزائر من التوتر والصعوبات
2,1,لا تزال العلاقة بين المغرب والجزائر تشهد توترات وتحديات عدة
2,1,يسود القلق والتوتر في العلاقة بين المغرب والجزائر
2,1,تحتاج العلاقة بين المغرب والجزائر إلى جهود دبلوماسية لتحسينها
2,1,تتطلب العلاقة بين المغرب والجزائر جهودًا مشتركة لتخفيف حدة التوترات والتحسين من جودتها
2,0,تتطلب العلاقة بين المغرب والجزائر جهودًا
2,1,تشهد توترات وتحديات
2,1,علاقة نزاع
2,1,علاقة عدائية
2,1,علاقة ليست تجيدة
2,1,علاقة متوترة
2,1,متوترة
2,1,سيئة
2,0,علاقة ودية
2,0,علاقة مثمرة
2,0,علاقة قوية
2,0,علاقة متينة
2,0,علاقة طيبة
2,0,علاقة ودودة
2,0,علاقة مؤنثة
2,0,علاقة محبة
2,0,علاقة محبة
2,0,علاقة حميمة
2,0,علاقة صداقة
2,0,علاقة مودة
2,0,المنطقة
2,0,دولة مستقلة
2,0.5,المغرب يطالب  بالسيادة
2,0,السيادة
2,0,الصحراء
2,0,يطالب المغرب
2,0,تدعي الجزائر 
3,5,بعد فترة من الانسحاب قرر المغرب العودة إلى الاتحاد الأفريقي في عام 117
3,5,في عام 117 قرر المغرب العودة إلى عضوية الاتحاد الأفريقي بعد مغادرة الاتحاد لعدة سنوات
3,5,بعد سنوات من الانسحاب انضم المغرب إلى الاتحاد الأفريقي مجدداً في عام 117
3,5,في عام 117 قرر المغرب العودة إلى الاتحاد الأفريقي بعد فترة طويلة من الانسحاب
3,5,بعد فترة من الانسحاب عاد المغرب وانضم إلى الاتحاد الأفريقي في عام 117
3,5,انضم المغرب إلى الاتحاد الأفريقي مرة أخرى في عام 117 بعد فترة طويلة من الانسحاب
3,5,بعد انسحاب دام لسنوات قرر المغرب في العام 117 الانضمام إلى الاتحاد الأفريقي
3,5,في عام 117 عاد المغرب وانضم إلى الاتحاد الأفريقي بعد فترة من الانسحاب
3,5,انضم المغرب إلى الاتحاد الأفريقي في عام 117 بعد فترة انسحاب طويلة من الاتحاد الأفريقي
3,5,بعد سنوات من الانسحاب من الاتحاد الأفريقي قرر المغرب الانضمام إلى الاتحاد في عام 117
3,3,في سنة 1984 قرر المغرب الخروج من الاتحاد الأفريقي
3,3,تم الانسحاب المغربي من الاتحاد الأفريقي في عام 1984
3,3,خرج المغرب من الاتحاد الأفريقي في عام 1984
3,3,خروجُ المغرب من الاتحاد الأفريقي عام 1984 
3,3,عام 1984 شهد انسحاب المغرب من الاتحاد الأفريقي
3,3,في عام 1984 انسحب المغرب من الاتحاد الأفريقي
3,3,قرر المغرب الانسحاب من الاتحاد الأفريقي في عام 1984
3,3,انسحاب المغرب من الاتحاد الأفريقي عام 1984 
3,3,انضمام المغرب إلى الاتحاد الأفريقي عام 2017
3,3,في عام 2017 قرر المغرب الانضمام إلى الاتحاد الأفريقي
3,3,كان عام 2017 هو عام انضمام المغرب إلى الاتحاد الأفريقي
3,4,في سنة 2017 أصبح المغرب عضوًا في الاتحاد الأفريقي
3,3,عام 2017 شهد انضمام المغرب إلى مجموعة الدول الأفريقية المتحدة
3,3,في عام 2017 تم إدخال المغرب إلىالاتحاد الأفريقي
3,5,انضم المغرب إلى الاتحاد الأفريقي في عام 117 بعد سنوات من الانسحاب من الاتحاد الأفريقي
3,5,انضم المغرب إلى الاتحاد الأفريقي في عام 117 بعد الانسحاب من الاتحاد الأفريقي
3,5,أصبح المغرب عضواً كاملاً في الاتحاد الأفريقي عام 117 
3,5,علاقة المغرب بالاتحاد الأفريقي انضمام المغرب إلى الاتحاد الأفريقي عام 117 بعد سنوات من الانسحاب من الاتحاد الأفريقي  
3,5,انضم المغرب إلى الاتحاد الأفريقي في عام 117 بعد سنوات من الخروجُ من الاتحاد الأفريقي
3,5,انضم المغرب إلى الاتحاد الأفريقي في عام 117 بعد الخروجُ من الاتحاد الأفريقي
3,5,أصبح المغرب عضوا في الاتحاد الأفريقي في عام 117 بعد الخروجُ من الاتحاد الأفريقي
3,3,أصبح المغرب عضوا في الاتحاد الأفريقي  عام 117
3,5,اصبح المغرب عضوا في الاتحاد الأفريقي في عام 117 بعد سنوات من الانسحاب من الاتحاد الأفريقي
3,1,انسحاب المغرب من الاتحاد الأفريقي   
3,3,انضمام المغرب إلى الاتحاد الأفريقي  
3,3,أصبح المغرب عضواً كاملاً في الاتحاد الأفريقي   
3,3,بعد شهور من الطلب تم قبول المغرب كعضو كامل في الاتحاد الأفريقي
3,3,أعلن الاتحاد الأفريقي قبول المغرب كعضو كامل في صفوفه
3,3,تم قبول المغرب كعضو كامل في الاتحاد الأفريقي بعد جهود دبلوماسية كبيرة
3,3,بعد فترة طويلة من الانسحاب أصبح المغرب عضواً كاملاً في الاتحاد الأفريقي
3,3,أصبح المغرب عضواً كاملاً في الاتحاد الأفريقي بعد قبوله في صفوفه
3,3,تم قبول المغرب كعضو كامل في الاتحاد الأفريقي
3,4,انضمام المغرب إلى الاتحاد الأفريقي عام بعد الخروجُ منه
3,4,المغرب انضم مرة أخرى إلى الاتحاد الأفريقي بعد انسحابه منه
3,4,بعد انسحابها عاد المغرب للانضمام إلى الاتحاد الأفريقي
3,4,المغرب قرر الانضمام مرة أخرى إلى الاتحاد الأفريقي بعد الانسحاب
3,4,بعد الخروج انضم المغرب مرة أخرى إلى الاتحاد الأفريقي
3,4,المغرب انضم للاتحاد الأفريقي مجددًا بعد الانسحاب منه
3,4,بعد الانسحاب عاد المغرب للانضمام إلى الاتحاد الأفريقي
3,4,المغرب قرر العودة إلى الاتحاد الأفريقي بعد الخروج منه
3,4,بعد الانسحاب انضم المغرب مرة أخرى إلى الاتحاد الأفريقي
3,4,المغرب قرر العودة للاتحاد الأفريقي بعد الانسحاب منه سابقًا
3,4,بعد الخروج من الاتحاد الأفريقي قرر المغرب الانضمام مجددًا
3,4,أصبح المغرب عضوا في الاتحاد الأفريقي  بعد الخروجُ من الاتحاد الأفريقي
3,2,العلاقة بين المغرب والاتحاد الأفريقي تتميز بالطابع الدبلوماسي والسياسي
3,2,تتألف العلاقة بين المغرب والاتحاد الأفريقي من مكونات دبلوماسية وسياسية
3,2,تتميز العلاقة بين المغرب والاتحاد الأفريقي بالجوانب الدبلوماسية والسياسية
3,2,تتألف العلاقة بين المغرب والاتحاد الأفريقي من عناصر دبلوماسية وسياسية
3,2,العلاقة بين المغرب والاتحاد الأفريقي تتميز بالتوجهات الدبلوماسية والسياسية
3,2,تتألف العلاقة بين المغرب والاتحاد الأفريقي من مكونات سياسية ودبلوماسية
3,0,علاقة المغرب بالاتحاد الأفريقي
3,0,علاقة المغرب بالاتحاد الأفريقي ليست جيدة
3,0,العلاقات بين المغرب والاتحاد الأفريقي ليست جيدة
3,0,تعاني العلاقات بين المغرب والاتحاد الأفريقي من مشاكل
3,0,لا تسير العلاقات بين المغرب والاتحاد الأفريقي بشكل جيد
3,0,تشهد العلاقات بين المغرب والاتحاد الأفريقي اضطرابات
3,0,هناك توتر في العلاقات بين المغرب والاتحاد الأفريقي
3,0,لا تتمتع العلاقات بين المغرب والاتحاد الأفريقي بالاستقرار
3,0,تواجه العلاقات بين المغرب والاتحاد الأفريقي صعوبات
3,0,تعاني العلاقات بين المغرب والاتحاد الأفريقي من التوترات
3,0,تشهد العلاقات بين المغرب والاتحاد الأفريقي اختلافات ومشكلات
3,0,العلاقات بين المغرب والاتحاد الأفريقي ليست في حالة جيدة وتحتاج إلى تحسين
3,0,علاقة
3,0,علاقة المغرب
3,0,لا توجد علاقة  
4,5,الحركة الوطنية المغربية هي حركة اجتماعية سياسية حضرية لمناهضة الحماية الفرنسية والإسبانية على المغرب
4,5,تأسست الحركة الوطنية المغربية كحركة سياسية اجتماعية حضرية تعارض الحماية الفرنسية والإسبانية للمغرب
4,5,تعتبر الحركة الوطنية المغربية حركة اجتماعية سياسية حضرية تناضل ضد الحماية الفرنسية والإسبانية على المغرب
4,5,تم تأسيس الحركة الوطنية المغربية كحركة سياسية اجتماعية حضرية تعارض الحماية الفرنسية والإسبانية على المغرب
4,5,الحركة الوطنية المغربية هي حركة سياسية اجتماعية حضرية تناضل ضد الاستعمار الفرنسي والإسباني في المغرب
4,5,تأسست الحركة الوطنية المغربية كحركة سياسية اجتماعية حضرية تعمل على إنهاء الحماية الفرنسية والإسبانية على المغرب
4,5,الحركة الوطنية المغربية هي حركة سياسية اجتماعية حضرية تسعى لإنهاء الاحتلال الفرنسي والإسباني في المغرب
4,5,تم تأسيس الحركة الوطنية المغربية كحركة سياسية اجتماعية حضرية ترفض الحماية الفرنسية والإسبانية على المغرب
4,5,الحركة الوطنية المغربية هيهدف إلى محاربة الحماية الفرنسية والإسبانية على المغرب كحركة سياسية اجتماعية حضرية
4,5,تأسست الحركة الوطنية المغربية كحركة سياسية اجتماعية حضرية لمقاومة الاستعمار الفرنسي والإسباني في المغرب
4,2,الحركة الوطنية المغربية هي حركة سياسية ناشطة في المغرب
4,2,تُعد الحركة الوطنية المغربية حركة سياسية فعالة في المناضلة لقضايا المغرب
4,2,الحركة الوطنية المغربية هي حركة سياسية ناشطة تعمل على تحقيق أهدافها في المغرب
4,1,تتميز الحركة الوطنية المغربية بنشاطها السياسي الملحوظ في البلاد
4,0.5,الحركة الوطنية المغربية هي حركة سياسية نشطة تسعى إلى تحقيق تطلعات الشعب المغربي
4,0,الحركة الوطنية المغربية 
4,1,الحركة الوطنية المغربية هي حركة سياسية 
4,5,الحركة الوطنية في المغرب كانت حركة سياسية و اجتماعية تهدف إلى الاستقلال عن الاحتلال الفرنسي و الإسباني
4,3,حركة تهدف إلى الاستقلال عن الاحتلال الفرنسي و الإسباني
4,2,حركة تهدف إلى الاستقلال عن الاحتلال الفرنسي 
4,2,حركة تهدف إلى الاستقلال عن الاحتلال الإسباني
4,4,حركة سياسية و اجتماعية تهدف إلى الاستقلال عن الاحتلال الإسباني
4,4,حركة سياسية و اجتماعية تهدف إلى الاستقلال عن الاحتلال الفرنسي
4,3,حركة سياسية  تهدف إلى الاستقلال عن الاحتلال الإسباني
4,3,حركة اجتماعية  تهدف إلى الاستقلال عن الاحتلال الإسباني
4,3,الحركة الوطنية في المغرب كانت حركة سياسية و اجتماعية
4,1,حركة سياسية و اجتماعية
4,5,كانت الحركة الوطنية في المغرب حركة سياسية واجتماعية تسعى إلى تحقيق الاستقلال عن الاحتلال الفرنسي والإسباني
4,5,تمثل الحركة الوطنية في المغرب حركة سياسية واجتماعية تهدف إلى تحرير البلاد من الاحتلال الفرنسي والإسباني
4,5,كانت الحركة الوطنية في المغرب حركة سياسية واجتماعية تسعى إلى الاستقلال عن الاحتلال الفرنسي والإسباني
4,5,الحركة الوطنية في المغرب كانت حركة سياسية واجتماعية تسعى إلى تحرير البلاد من الاحتلال الفرنسي والإسباني
4,5,تهدف الحركة الوطنية في المغرب إلى التحرر من الاستعمار الفرنسي والإسباني وهي حركة سياسية واجتماعية
4,5,كانت الحركة الوطنية في المغرب حركة سياسية واجتماعية تسعى إلى تحقيق الاستقلال عن الاحتلال الفرنسي والإسباني
4,5,تمثل الحركة الوطنية في المغرب حركة سياسية واجتماعية تسعى إلى تخليص البلاد من الاستعمار الفرنسي والإسباني
4,5,الحركة الوطنية في المغرب كانت حركة سياسية واجتماعية تسعى إلى تحرير البلاد من الاستعمار الفرنسي والإسباني
4,5,كانت الحركة الوطنية في المغرب حركة سياسية واجتماعية تسعى إلى الاستقلال عن الاحتلال الفرنسي والإسباني
4,5,تمثل الحركة الوطنية في المغرب حركة سياسية واجتماعية تهدف إلى تحرير البلاد من الاستعمار الفرنسي والإسباني
4,5,الحركة الوطنية في المغرب كانت حركة سياسية واجتماعية تسعى إلى تحرير البلاد من الاستعمار الفرنسي والإسباني
4,5,كانت الحركة الوطنية في المغرب حركة سياسية واجتماعية تسعى إلى تحقيق الاستقلال عن الاحتلال الفرنسي والإسباني
4,5,تمثل الحركة الوطنية في المغرب حركة سياسية واجتماعية تهدف إلى تطهير البلاد من الاستعمار الفرنسي والإسباني
4,5,الحركة الوطنية في المغرب كانت حركة سياسية واجتماعية تسعى إلى تحرير البلاد من الاستعمار الفرنسي والإسباني
4,5,كانت الحركة الوطنية في المغرب حركة سياسية واجتماعية تسعى إلى تحقيق الاستقلال عن الاحتلال الفرنسي والإسباني
4,3,تسعى الحركة السياسية إلى الاستقلال عن الاحتلال الإسباني
4,3,تهدف الحركة السياسية إلى تحرير البلاد من الاحتلال الإسباني
4,3,تسعى الحركة السياسية إلى تخليص البلاد من الاحتلال الإسباني
4,3,تهدف الحركة السياسية إلى تطهير البلاد من الاستعمار الإسباني
4,3,تسعى الحركة السياسية إلى تحرير البلاد من نير الاحتلال الإسباني
4,3,تهدف الحركة السياسية إلى تحقيق الاستقلال عن الاستعمار الإسباني
4,3,تسعى الحركة السياسية إلى الحرية والاستقلال عن الاحتلال الإسباني
4,3,تهدف الحركة السياسية إلى تحرير الوطن من الاحتلال الإسباني
4,3,تسعى الحركة السياسية إلى تحقيق السيادة الوطنية والاستقلال عن الاحتلال الإسباني
4,3,تهدف الحركة السياسية إلى تحقيق الاستقلال الكامل والتخلص من الاحتلال الإسباني
4,2,تعتبر الحركة الوطنية المغربية حركة سياسية نشطة في المغرب
4,2,الحركة الوطنية المغربية هي حركة سياسية فاعلة في المغرب
4,2,تمثل الحركة الوطنية المغربية حركة سياسية ناشطة في المملكة المغربية
4,2,الحركة الوطنية المغربية هي حركة سياسية نشطة وفعالة في المغرب
4,1,تسعى الحركة الوطنية المغربية إلى تحقيق أهداف سياسية في المغرب
4,2,الحركة الوطنية المغربية هي حركة سياسية ناشطة تعمل في المغرب
4,0,الحركة الوطنية المغربية هي حركة 
4,0,الحركة الوطنية المغربية 
4,0.5,سياسية  حركة 
4,0.5,تهدف إلى تحرير البلاد
5,5,سكن المغرب حضارات عديدة بما في ذلك الفينيقيين و الرومان و العرب
5,5,يحتضن المغرب تاريخًا غنيًا بالحضارات المتعددة بما في ذلك الفينيقيون والرومان والعرب
5,5,يضم المغرب تنوعًا ثقافيًا وتاريخيًا حيث استوطنته حضارات مثل الفينيقيون والرومان والعرب
5,5,تشتهر المغرب بتعدد الحضارات التي استوطنته بما في ذلك الفينيقيون والرومان والعرب
5,5,شهد المغرب تواجدًا لحضارات عديدة على مر العصور من بينها الفينيقيون والرومان والعرب
5,5,عرف المغرب تواجد حضارات متعددة عبر التاريخ بما في ذلك الفينيقيون والرومان والعرب
5,5,يعود تاريخ المغرب إلى حضارات عديدة ومن بينها الفينيقيون والرومان والعرب
5,5,استضاف المغرب حضارات متعددة بما في ذلك الفينيقيون والرومان والعرب
5,5,شهد المغرب تواجدًا لعدة حضارات عظيمة منها الفينيقيون والرومان والعرب
5,5,تعد المغرب موطنًا لحضارات متعددة بما في ذلك الفينيقيون والرومان والعرب
5,5,منذ العصور القديمة وحتى اليوم تأثر المغرب بثقافات وحضارات عديدة منها الفينيقيون والرومان والعرب
5,5,سكن المغرب حضارات عديدة بما في ذلك الفينيقيين و العرب و الرومان
5,5,سكن المغرب حضارات عديدة بما في ذلك الرومان و الفينيقيين و العرب 
5,5,سكن المغرب حضارات عديدة بما في ذلك الرومان و العرب و الفينيقيين
5,5,سكن المغرب حضارات عديدة بما في ذلك العرب و الفينيقيين و الرومان 
5,5,سكن المغرب حضارات عديدة بما في ذلك العرب و الرومان و الفينيقيين 
5,5,عرف المغرب العديد من الحضارات مثل الفينيقيين و الرومان و العرب
5,5,عرف المغرب العديد من الحضارات مثل الفينيقيين و العرب و الرومان
5,5,عرف المغرب العديد من الحضارات مثل الرومان و الفينيقيين و العرب 
5,5,عرف المغرب العديد من الحضارات مثل الرومان و العرب و الفينيقيين
5,5,عرف المغرب العديد من الحضارات مثل العرب و الفينيقيين و الرومان 
5,5,عرف المغرب العديد من الحضارات مثل العرب و الرومان و الفينيقيين 
5,5,حضارات عديدة بما في ذلك الفينيقيين و الرومان و العرب
5,5,حضارات عديدة بما في ذلك الفينيقيين و العرب و الرومان
5,5,حضارات عديدة بما في ذلك الرومان و الفينيقيين و العرب 
5,5,حضارات عديدة بما في ذلك الرومان و العرب و الفينيقيين
5,5,حضارات عديدة بما في ذلك العرب و الرومان و الفينيقيين   
5,5,حضارات عديدة بما في ذلك العرب و الفينيقيين و الرومان   
5,4,الفينيقيين و الرومان و العرب
5,4,الفينيقيين  و العرب و الرومان
5,4,الرومان و الفينيقيين و العرب 
5,4,الرومان  و العرب و الفينيقيين 
5,4,العرب و الفينيقيين  و الرومان  
5,4,العرب و الرومان و الفينيقيين 
5,4,الفينيقيين و العرب  
5,4,العرب و الفينيقيين  
5,4,الرومان و الفينيقيين 
5,4,الفينيقيين و الرومان 
5,4,العرب و الرومان  
5,4,الرومان و العرب  
5,2,الرومان   
5,2,العرب 
5,2,الفينيقيين 
5,4,سكن المغرب حضارات عديدة بما في ذلك الفينيقيين و الرومان
5,4,المغرب استضاف حضارات عديدة بما في ذلك الفينيقيين والرومان
5,4,سجل التاريخ وجود العديد من الحضارات في المغرب بما في ذلك الفينيقيين والرومان
5,4,تنوعت الحضارات التي استوطنت المغرب على مر العصور ومنها الفينيقيين والرومان
5,4,تأثرت الحضارة المغربية بوجود الفينيقيين والرومان وغيرهما من الحضارات العظيمة
5,4,تشهد أرض المغرب تاريخًا متنوعًا بفضل وجود الفينيقيين والرومان وحضارات أخرى
5,4,سكن المغرب حضارات عديدة بما في ذلك الرومان و العرب
5,4,سكن المغرب حضارات عديدة بما في ذلك الفينيقيين و العرب
5,3,سكن المغرب حضارات عديدة بما في ذلك الفينيقيين
5,3,سكن المغرب حضارات عديدة بما في ذلك العرب
5,3,شهد المغرب تواجد حضارات متعددة من بينها العرب
5,3,سكنت العديد من الحضارات المتنوعة المغرب بما في ذلك العرب
5,3,تنوعت الحضارات التي استوطنت المغرب وتشمل ذلك العرب
5,3,قدمت الحضارة العربية إسهامًا هامًا في تاريخ المغرب وتطوره
5,3,يمتاز التاريخ المغربي بتواجد العرب وتأثيرهم في الحضارة المغربية
5,1,المغرب شهد وجود حضارات متعددة على مر العصور وتعتبر هذه حقيقة تاريخية ثابتة
5,1,تعد تاريخ المغرب غنيًا بتواجد حضارات عديدة طوال فترة تاريخه
5,1,المغرب استضاف عدة حضارات عظيمة على مر الزمن
5,1,سجل التاريخ وجود العديد من الحضارات في أراضي المغرب
5,1,المغرب يحمل في طياته ثروة من التاريخ والثقافة الناتجة عن التنوع الحضاري
5,1,تعتبر تجربة المغرب المستمرة موطنًا لحضارات متنوعة
5,1,شاهد المغرب عبور الحضارات المتعددة واستوطنها على مر العصور
5,1,تشهد أرض المغرب تعاقب الحضارات وتأثرها بتنوعها الثقافي
5,1,منذ الأزمنة القديمة وحتى الوقت الحاضر تاريخ المغرب يتحدث عن وجود حضارات متنوعة
5,1,لا يمكن إنكار تنوع الحضارات التي استوطنت وسكنت في المغرب على مر العصور
5,0.5,سكن المغرب حضارات كثيرة بما في ذلك
5,0.5,سكن المغرب حضارات عديدة
5,0.5,سكن المغرب حضارات كثيرة
5,0,سكن المغرب حضارات
5,0,سكن المغرب
5,0,البربر 
5,0,الموحدين
5,0,الأمازيغ
5,0,الأندلس
5,0,الإسبان
5,0,الجزائر
5,0,الحضارة المصرية القديمة
5,0,الحضارة الصينية  
6,5,نظام الحكم في المغرب هو نظام دستوري ديمقراطي ذو مجلسين تشريعيين مجلس المستشارين و مجلس النواب
6,5,نظام الحكم في المغرب هو نظام ديمقراطي دستوري ذو مجلسين تشريعيين مجلس النواب و مجلس المستشارين
6,5,المغرب يتبع نظام حكم دستوري ديمقراطي بمجلسين تشريعيين مجلس المستشارين ومجلس النواب
6,5,نظام الحكم في المغرب هو نظام دستوري ديمقراطي ويتميز بوجود مجلسين تشريعيين مجلس المستشارين ومجلس النواب
6,5,يعتمد المغرب نظام حكم دستوري ديمقراطي حيث يوجد مجلسان تشريعيان مجلس المستشارين ومجلس النواب
6,5,نظام الحكم في المغرب يتميز بكونه نظاما دستوريا ديمقراطيا يتضمن مجلسين تشريعيين مجلس المستشارين ومجلس النواب
6,5,المغرب يتبع نظام حكم دستوري ديمقراطي ويتميز بوجود مجلسين تشريعيين مجلس المستشارين ومجلس النواب وهو ما يميزه عن بعض الدول الأخرى في المنطقة
6,5,نظام الحكم في المغرب يتميز بأنه دستوري ديمقراطي ويضم مجلسين تشريعيين مجلس المستشارين ومجلس النواب وهو يعكس إرادة الشعب ويضمن تمثيلهم العادل
6,5,في المغرب يتميز نظام الحكم بكونه دستوريا ديمقراطيا ويضم مجلسين تشريعيين مجلس المستشارين ومجلس النواب وهو ما يساعد على تحقيق الاستقرار والتنمية في البلاد
6,5,يعتبر نظام الحكم في المغرب دستوريا ديمقراطيا ويضم مجلسين تشريعيين مجلس المستشارين ومجلس النواب ويعكس إرادة الشعب ويحافظ على حقوقهم وحرياتهم
6,5,المغرب يتميز بنظام حكم ديمقراطي دستوري ويضم مجلسين تشريعيين هما مجلس المستشارين ومجلس النواب وهو ما يساعد على تحقيق العدالة والتنمية في البلاد
6,5,يتميز نظام الحكم في المغرب بكونه ديمقراطيا دستوريا ويضم مجلسين تشريعيين مجلس المستشارين ومجلس النواب ويسهم في تعزيز مبدأ الحكم الرشيد والمشاركة المدنية
6,5,النظام الحكومي في المغرب هو نظام ديمقراطي دستوري يتضمن مجلسين تشريعيين مجلس المستشارين ومجلس النواب وهو ما يعكس إرادة الشعب ويحقق مصالحهم
6,5,في المغرب يتبع النظام الحكومي نظام دستوري ديمقراطي ويضم مجلسين تشريعيين مجلس المستشارين ومجلس النواب وهو يعزز مفهوم الشفافية والمساءلة في الحكم
6,5,نظام الحكم في المغرب هو نظام ديمقراطي دستوري يضم مجلسين تشريعيين مجلس المستشارين ومجلس النواب ويحقق العدالة والحرية والتنمية في البلاد
6,5,يتميز النظام الحكومي في المغرب بكونه ديمقراطيا دستوريا ويضم مجلسين تشريعيين مجلس المستشارين ومجلس النواب وهو ما يضمن تمثيل الشعب بشكل عادل ويحقق مصالحهم
6,5,نظام الحكم في المغرب هو نظام ديمقراطي دستوري ويتضمن مجلسين تشريعيين هما مجلس المستشارين ومجلس النواب ويساهم في تحقيق العدالة والتنمية المستدامة وتحسين جودة الحياة للمواطنين
6,5,نظام دستوري ديمقراطي ذو مجلسين تشريعيين مجلس المستشارين و مجلس النواب
6,5,نظام ديمقراطي دستوري ذو مجلسين تشريعيين مجلس النواب و مجلس المستشارين
6,4,نظام الحكم في المغرب هو نظام دستوري  ذو مجلسين تشريعيين مجلس المستشارين و مجلس النواب
6,4,نظام الحكم في المغرب هو نظام ديمقراطي ذو مجلسين تشريعيين مجلس المستشارين و مجلس النواب
6,4,نظام دستوري  ذو مجلسين تشريعيين مجلس المستشارين و مجلس النواب
6,4,نظام ديمقراطي ذو مجلسين تشريعيين مجلس المستشارين و مجلس النواب
6,4,نظام دستوري ديمقراطي ذو مجلسين تشريعيين
6,4,نظام ديمقراطي دستوري ذو مجلسين تشريعيين
6,3,نظام الحكم في المغرب هو نظام دستوري ديمقراطي ذو مجلسين تشريعيين
6,3,يتميز النظام السياسي في المغرب بأنه نظام دستوري ديمقراطي يشتمل على مجلسين تشريعيين
6,3,يتبنى المغرب نظام ديمقراطي دستوري يضم مجلسين تشريعيين في نظام الحكم
6,3,نظام الحكم في المغرب هو نظام ديمقراطي دستوري يتضمن مجلسين تشريعيين
6,3,يقوم النظام السياسي في المغرب على أساس نظام دستوري ديمقراطي ومجلسين تشريعيين
6,3,نظام الحكم في المغرب يعتمد على نظام ديمقراطي دستوري يتكون من مجلسين تشريعيين
6,3,يشتمل نظام الحكم في المغرب على مجلسين تشريعيين ويتبنى نظامًا دستوريًا ديمقراطيًا
6,3,يتألف النظام السياسي في المغرب من مجلسين تشريعيين في إطار نظام ديمقراطي دستوري
6,3,نظام الحكم في المغرب يعد من الأنظمة الدستورية الديمقراطية التي تتضمن مجلسين تشريعيين
6,3,يستند نظام الحكم في المغرب على نظام ديمقراطي دستوري يشمل مجلسين تشريعيين
6,3,يتميز نظام الحكم في المغرب بأنه نظام ديمقراطي دستوري يتضمن مجلسين تشريعيين في تشكيلته
6,3,نظام الحكم في المغرب هو نظام ديمقراطي دستوري ذو مجلسين تشريعيين
6,3,نظام الحكم في المغرب هو نظام دستوري  ذو مجلسين تشريعيين
6,3,نظام الحكم في المغرب هو نظام ديمقراطي ذو مجلسين تشريعيين
6,3,نظام ديمقراطي ذو مجلسين تشريعيين
6,3,نظام دستوري ذو مجلسين تشريعيين
6,3,نظام الحكم في المغرب هو نظام دستوري ديمقراطي 
6,3,النظام السياسي في المغرب يستند إلى الدستور ويكون ديمقراطيًا
6,3,في المغرب النظام الحاكم يتبع نظامًا دستوريًا ديمقراطيًا
6,3,يتميز النظام السياسي في المغرب بأنه دستوري وديمقراطي في نفس الوقت
6,3,النظام الحاكم في المغرب يعتمد على الدستور ويكون ذو طابع ديمقراطي
6,3,يتبع المغرب نظام دستوري ديمقراطي في نظامه الحاكم
6,3,في المغرب الحكم يستند إلى الدستور ويكون بناءً على المبادئ الديمقراطية
6,3,نظام الحكم في المغرب هو نظام ديمقراطي دستوري 
6,3,يتميز المغرب  بنظام دستوري ديمقراطي 
6,3,يتميز المغرب  بنظام ديمقراطي دستوري 
6,2,نظام دستوري ديمقراطي 
6,2,نظام ديمقراطي دستوري 
6,2,دستوري ديمقراطي 
6,2,ديمقراطي دستوري 
6,2,يتميز المغرب بنظام ديمقراطي دستوري 
6,2,يتميز المغرب بنظام دستوري ديمقراطي 
6,2,يقوم المغرب على نظام دستوري ديمقراطي 
6,2,يقوم المغرب على نظام ديمقراطي دستوري 
6,2,نظام الحكم في المغرب هو نظام دستوري 
6,2,نظام الحكم في المغرب هو نظام ديمقراطي
6,1,نظام دستوري 
6,1,نظام ديمقراطي
6,1,نظام الحكم في المغرب هو نظام ذو مجلسين تشريعيين مجلس النواب و مجلس المستشارين
6,1,نظام ذو مجلسين تشريعيين مجلس النواب و مجلس المستشارين
6,1,دستوري
6,1,ديمقراطي
6,1,نظام الحكم في المغرب هو نظام ذو مجلسين تشريعيين
6,1,النظام السياسي في المغرب يتكون من مجلسين تشريعيين
6,1,في المغرب يوجد نظام حكم يضم مجلسين تشريعيين
6,1,نظام الحكم في المغرب يتضمن هيكلية مجلسين تشريعيين
6,1,يعتبر النظام السياسي في المغرب نظامًا بمجلسين تشريعيين
6,1,المغرب يتمتع بنظام حكم يشمل مجلسين تشريعيين
6,0,نظام الحكم في المغرب هو نظام ديكتاتوري ذو مجلسين تشريعيين
6,0,نظام الحكم في المغرب هو نظام ديكتاتوري
6,0,نظام الحكم في المغرب هو نظام 
6,0,نظام ديكتاتوري
6,0,نظام الحكم في المغرب هو 
6,0,نظام الحكم 
6,0,نظام جمهوري 
6,0,نظام  
6,0,مجلسين تشريعيين مجلس النواب و مجلس المستشارين
6,0,مجلس النواب و مجلس المستشارين
6,0,مجلسين تشريعيين
6,0,يتميز المغرب بنظام 
7,5,حركة الاستقلال هي حركة سياسية نشأت في القرن العشرين و تهدف إلى الحصول على الاستقلال التام للمغرب عن الاستعمار الفرنسي و الإسباني
7,5,حركة الاستقلال هي حركة سياسية نشأت في القرن العشرين و تهدف إلى الحصول على الاستقلال التام للمغرب
7,5,حركة الاستقلال هي حركة سياسية نشأت في القرن العشرين و تهدف إلى الحصول على الاستقلال
7,5,حركة الاستقلال هي حركة سياسية نشأت في القرن العشرين و تهدف إلى الحصول على الاستقلال التام للمغرب عن الاستعمار
7,5,حركة الاستقلال هي حركة سياسية نشأت في القرن العشرين دافعت عن الاستقلال التام للمغرب عن الاستعمار الفرنسي و الإسباني
7,5,حركة الاستقلال هي حركة ناشطة نشأت في القرن العشرين و تهدف إلى الحصول على الاستقلال التام للمغرب عن الاستعمار الفرنسي و الإسباني
7,5,حركة الاستقلال هي حركة سياسية ناشطة نشأت في القرن العشرين و تهدف إلى الحصول على الاستقلال التام للمغرب عن الاستعمار الفرنسي و الإسباني
7,5,حركة سياسية ناشطة نشأت في القرن العشرين و تهدف إلى الحصول على الاستقلال التام للمغرب عن الاستعمار الفرنسي و الإسباني
7,5,هي حركة سياسية نشأت في القرن العشرين و تهدف إلى الحصول على الاستقلال التام للمغرب
7,5,حركة الاستقلال هي حركة سياسية تهدف إلى الحصول على الاستقلال التام للمغرب عن الاستعمار الفرنسي و الإسباني
7,5,حركة سياسية تهدف إلى الحصول على الاستقلال التام للمغرب عن الاستعمار الفرنسي و الإسباني
7,5,الهدف الرئيسي لحركة الاستقلال هو تحقيق الاستقلال الكامل للمغرب من الحكم الاستعماري الفرنسي والإسباني
7,5,حركة الاستقلال تعتبر واحدة من الحركات السياسية الرئيسية في تاريخ المغرب الحديث
7,5,تأسست حركة الاستقلال لمواجهة الاحتلال الفرنسي والإسباني والسعي للتحرر منه
7,5,ينظر إلى حركة الاستقلال بأنها رمز للنضال الوطني المغربي والمعركة من أجل الحرية
7,5,حركة الاستقلال تمثل جزءًا هامًا من تاريخ المغرب الحديث وتعزز الوعي الوطني والحرية
7,5,تمكنت حركة الاستقلال من إشعال روح النضال لدى الشعب المغربي للتحرر من الاستعمار الفرنسي والإسباني
7,5,1956 حركة الاستقلال شهدت العديد من الأحداث الهامة في تاريخ المغرب من بينها إعلان الاستقلال في عام
7,4,حركة الاستقلال هي حركة سياسية نشأت في القرن العشرين و تهدف إلى الحصول على الاستقلال التام للمغرب عن الاستعمار الفرنسي
7,4,حركة الاستقلال هي حركة سياسية نشأت في القرن العشرين و تهدف إلى الحصول على الاستقلال التام للمغرب عن الاستعمار الإسباني
7,4,حركة سياسية نشأت في القرن العشرين و تهدف إلى الحصول على الاستقلال التام للمغرب عن الاستعمار الفرنسي
7,4,حركة الاستقلال هي حركة سياسية نشأت في القرن العشرين و تهدف إلى الحصول على الاستقلال التام للمغرب عن الاستعمار 
7,4,نشأت حركة الاستقلال في القرن العشرين كحركة سياسية تهدف إلى الحصول على الاستقلال التام للمغرب عن الاستعمار
7,4,حركة الاستقلال هي حركة سياسية نشأت في القرن العشرين وتسعى إلى الحصول على الاستقلال التام للمغرب من الاستعمار
7,4,تسعى حركة الاستقلال في القرن العشرين إلى الحصول على الاستقلال التام للمغرب عن الاستعمار كحركة سياسية
7,4,حركة الاستقلال هي حركة سياسية نشأت في القرن العشرين للسعي إلى الحصول على الاستقلال التام للمغرب من الاستعمار
7,4,تعتبر حركة الاستقلال كحركة سياسية نشأت في القرن العشرين جزءًا من نضال المغاربة للحصول على الاستقلال التام من الاستعمار
7,4,حركة الاستقلال هي حركة سياسية تأسست في القرن العشرين وتهدف إلى الحصول على الاستقلال التام للمغرب من الاستعمار
7,4,تأسست حركة الاستقلال في القرن العشرين كحركة سياسية تسعى إلى الحصول على الاستقلال التام للمغرب من الاستعمار
7,4,للسعي إلى الحصول على الاستقلال التام للمغرب من الاستعمار تأسست حركة الاستقلال كحركة سياسية في القرن العشرين
7,4,حركة الاستقلال كحركة سياسية في القرن العشرين تهدف إلى الحصول على الاستقلال التام للمغرب من الاستعمار وتعد جزءًا من تاريخ المغرب الحديث
7,4,تعتبر حركة الاستقلال في القرن العشرين حركة سياسية تأسست للسعي إلى الحصول على الاستقلال التام للمغرب من الاستعمار
7,3,حركة نشأت في القرن العشرين و تهدف إلى الحصول على الاستقلال التام للمغرب  
7,3,حركة نشأت في القرن العشرين و تهدف إلى الحصول على الاستقلال التام للمغرب عن الاستعمار الفرنسي
7,3,حركة تهدف إلى الحصول على الاستقلال التام للمغرب عن الاستعمار الفرنسي
7,3,حركة تهدف إلى الحصول على الاستقلال التام للمغرب عن الاستعمار الإسباني
7,3,حركة تهدف إلى الحصول على الاستقلال التام للمغرب 
7,3,حركة سياسية نشأت في القرن العشرين واجهت الاستعمار الفرنسي و الإسباني
7,3,حركة سياسية تهدف إلى الحصول على الاستقلال التام للمغرب عن الاستعمار 
7,2,حركة سياسية نشأت في القرن العشرين واجهت الاستعمار الفرنسي
7,2,حركة سياسية نشأت في القرن العشرين واجهت الاستعمار الإسباني
7,2,حركة سياسية نشأت في القرن العشرين و تهدف إلى الحصول على الاستقلال
7,2,حركة سياسية نشأت في القرن العشرين واجهت الاستعمار
7,2,حركة سياسية نشأت في القرن العشرين دافعت عن الاستقلال
7,2,حركة سياسية نشأت في القرن العشرين دافعت عن استقلال المغرب
7,2,حركة سياسية نشأت في القرن العشرين دافعت عن الاستقلال التام للمغرب
7,2,حركة تهدف إلى الحصول على الاستقلال من الاستعمار الإسباني
7,2,حركة تهدف إلى الحصول على الاستقلال من الاستعمار الفرنسي
7,2,حركة تهدف إلى الحصول على الاستقلال من الاستعمار
7,2,الحركة تسعى إلى الحصول على الاستقلال من الاستعمار
7,2,تهدف الحركة إلى الحصول على الاستقلال والتحرر من الاستعمار
7,2,الهدف الرئيسي للحركة هو الحصول على الاستقلال من الاستعمار
7,2,تعتبر الحركة جزءًا من النضال للحصول على الاستقلال من الاستعمار
7,2,لحركة تنادي بالحرية والاستقلال من الاستعمار
7,2,لحركة تمثل صوت الشعب للحصول على الاستقلال من الاستعمار
7,2,تعمل الحركة بجدية لتحرير البلاد من الاستعمار وتحقيق الاستقلال
7,2,حركة تتمركز حول الحرية والاستقلال من الاستعمار كأهداف رئيسية
7,2,تعد حركة الاستقلال جزءًا من الحركات النضالية للحصول على الاستقلال من الاستعمار في جميع أنحاء العالم
7,2,حركة تهدف إلى الحصول على الاستقلال 
7,1,حركة الاستقلال هي حركة سياسية نشأت في القرن العشرين 
7,1,تأسست حركة الاستقلال كحركة سياسية في القرن العشرين
7,1,يعتبر تأسيس حركة الاستقلال في القرن العشرين أحد الأحداث الرئيسية في تاريخ المغرب الحديث
7,1,حركة الاستقلال تمثل جزءًا هامًا من التاريخ السياسي للمغرب في القرن العشرين
7,1,حركة سياسية نشأت في القرن العشرين
7,1,حركة الاستقلال هي حركة سياسية
7,1,الحركة الوطنية للاستقلال تعد حركة سياسية
7,1,يمكن وصف الحركة الوطنية للاستقلال بأنها حركة سياسية
7,1,تندرج الحركة الوطنية للاستقلال تحت تصنيف الحركات السياسية
7,1,الحركة الوطنية للاستقلال تنشط في المجال السياسي
7,1,تتميز الحركة الوطنية للاستقلال بطابع سياسي
7,1,حركة نشأت في القرن العشرين
7,1,حركة سياسية
7,1,حركة سياسية تهدف إلى الحصول 
7,1,حركة سياسية ناشطة 
7,0,حركة تهدف إلى الحصول 
7,0,حركة ناشطة تهدف إلى الحصول 
7,0,حركة 
7,0,حركة الاستقلال هي معاهدة
7,0,حركة الاستقلال هي معركة
7,0,حركة الاستقلال نشأت في القرن
8,5,البربر هم مجموعة من الشعوب الأمازيغية الذين عاشوا في  شمال إفريقيا بما في ذلك المغرب
8,5,البربر هم مجموعة من الشعوب الأمازيغية الذين عاشوا في شمال إفريقيا بما في ذلك المغرب
8,5,يشير مصطلح البربر إلى مجموعة من الشعوب الأمازيغية الذين عاشوا في شمال إفريقيا بما في ذلك المغرب
8,5,المجموعة الأمازيغية التي عاشت في شمال إفريقيا بما في ذلك المغرب تعرف باسم البربر
8,5,البربر هم الشعوب الأمازيغية التي عاشت في شمال إفريقيا بما في ذلك المغرب
8,5,تشير كلمة البربر إلى مجموعة من الشعوب الأمازيغية الذين عاشوا في شمال إفريقيا بما في ذلك المغرب
8,5,البربر هم مجموعة من الشعوب الأمازيغية الذين عاشوا في منطقة شمال إفريقيا بما في ذلك المغرب
8,5,يشير مصطلح البربر إلى الشعوب الأمازيغية التي عاشت في شمال إفريقيا بما في ذلك المغرب
8,5,البربر هم المجموعة الأمازيغية التي عاشت في شمال إفريقيا بما في ذلك المغرب
8,5,تعد البربر مجموعة من الشعوب الأمازيغية التي عاشت في منطقة شمال إفريقيا بما في ذلك المغرب
8,5,يشير مصطلح البربر إلى الشعوب الأمازيغية التي عاشت في شمال إفريقيا بما في ذلك المغرب
8,5,البربر هم مجموعة من الشعوب الأمازيغية الذين عاشوا في مناطق شمال إفريقيا بما في ذلك المغرب
8,5,تعرف مجموعة الشعوب الأمازيغية التي عاشت في شمال إفريقيا بما في ذلك المغرب باسم البربر
8,5,البربر هم مجموعة من الشعوب الأمازيغية التي عاشت في شمال إفريقيا بما في ذلك المغرب
8,5,يشير مصطلح البربر إلى المجموعة الأمازيغية التي عاشت في شمال إفريقيا بما في ذلك المغرب
8,5,البربر هم مجموعة من الشعوب الأمازيغية التي عاشت في منطقة شمال إفريقيا بما في ذلك المغرب
8,5,تعرف الشعوب الأمازيغية التي عاشت في شمال إفريقيا بما في ذلك المغرب باسم البربر
8,5,البربر هم المجموعة الأمازيغية التي عاشت في منطقة شمال إفريقيا بما في ذلك المغرب
8,5,يشير مصطلح البربر إلى الشعوب الأمازيغية التي عاشت في شمال إفريقيا بما في ذلك المغرب
8,5,البربر هم مجموعة من الشعوب الأمازيغية التي عاشت في مناطق شمال إفريقيا بما في ذلك المغرب
8,5,تعرف مجموعة الشعوب الأمازيغية التي عاشت في شمال إفريقيا بما في ذلك المغرب باسم البربر
8,4,البربر هم مجموعة من الشعوب الأمازيغية الذين عاشوا في  شمال إفريقيا
8,4,البربر هم مجموعة من الشعوب الأمازيغية الذين عاشوا في شمال إفريقيا
8,4,يشير مصطلح البربر إلى مجموعة من الشعوب الأمازيغية الذين عاشوا في منطقة شمال إفريقيا
8,4,البربر هم المجموعة الأمازيغية التي عاشت في شمال إفريقيا
8,4,تشمل مجموعة البربر الشعوب الأمازيغية التي عاشت في منطقة شمال إفريقيا
8,4,الأمازيغ هم المعروفون باسم البربر وهم عاشوا في شمال إفريقيا
8,4,يشير مصطلح البربر إلى المجموعات الأمازيغية الذين عاشوا في منطقة شمال إفريقيا
8,4,البربر هم مجموعة من الشعوب الأمازيغية التي عاشت في شمال إفريقيا منذ العصور القديمة
8,4,تعرف مجموعة الشعوب الأمازيغية التي عاشت في شمال إفريقيا باسم البربر
8,4,البربر هم مجموعة من الشعوب الأمازيغية التي عاشت في منطقة شمال إفريقيا على مر العصور
8,4,يشير مصطلح البربر إلى مجموعة من الشعوب الأمازيغية الذين عاشوا في شمال إفريقيا لعدة قرون
8,3,البربر هم السكان الاصليين لدول شمال افريقيا 
8,3,يشير مصطلح البربر إلى الشعوب الأمازيغية السكان الأصليين لدول شمال إفريقيا
8,3,الأمازيغ المعروفون أيضًا باسم البربر هم السكان الأصليون لدول شمال إفريقيا
8,3,تشير كلمة البربر إلى السكان الأصليين لدول شمال إفريقيا
8,3,البربر هم المجموعة الأمازيغية السكان الأصليون لدول شمال إفريقيا
8,3,يشير مصطلح البربر إلى السكان الأصليين لدول شمال إفريقيا منذ العصور القديمة
8,3,الأمازيغ المعروفون أيضًا باسم البربر هم السكان الأصليون لدول شمال إفريقيا على مدى العصور
8,3,تعد مجموعة البربر الأمازيغية السكان الأصليون لدول شمال إفريقيا
8,3,البربر أو الأمازيغ هم المجموعة السكان الأصليين لدول شمال إفريقيا
8,3,يشير مصطلح البربر إلى السكان الأصليين لدول شمال إفريقيا والمعروفين باسم الأمازيغ
8,3,البربر هم السكان الاصليين للمغرب 
8,3,البربر هم السكان الأصليين للمغرب
8,3,يشير مصطلح البربر إلى الشعوب الأمازيغية السكان الأصليين للمغرب
8,3,الأمازيغ المعروفون أيضًا باسم البربر هم السكان الأصليون للمغرب
8,3,تشير كلمة البربر إلى السكان الأصليين للمغرب
8,3,البربر هم المجموعة الأمازيغية السكان الأصليون للمغرب
8,3,يشير مصطلح البربر إلى السكان الأصليين للمغرب منذ العصور القديمة
8,3,الأمازيغ المعروفون أيضًا باسم البربر هم السكان الأصليون للمغرب على مدى العصور
8,3,تعد مجموعة البربر الأمازيغية السكان الأصليون للمغرب
8,3,البربر أو الأمازيغ هم المجموعة السكان الأصليين للمغرب
8,3,يشير مصطلح البربر إلى السكان الأصليين للمغرب والمعروفين باسم الأمازيغ
8,2,البربر هم أمازيغ المغرب
8,2,يشير مصطلح البربر إلى الأمازيغ المغاربة
8,2,الأمازيغ المغاربة يعرفون أيضًا باسم البربر
8,2,تشير كلمة البربر إلى الأمازيغ المغاربة
8,2,البربر هم المجموعة الأمازيغية التي تعيش في المغرب
8,2,البربر هم أمازيغ شمال إفريقيا
8,2,يشير مصطلح البربر إلى الأمازيغ الموجودين في شمال إفريقيا
8,2,الأمازيغ المعروفون أيضًا باسم البربر هم المجموعة الأمازيغية التي تعيش في شمال إفريقيا
8,2,تشير كلمة البربر إلى الأمازيغ المتواجدين في مناطق شمال إفريقيا
8,2,البربر هم المجموعة الأمازيغية الذين يعيشون في شمال إفريقيا ويشملون الأمازيغ المغاربة والأمازيغ في دول أخرى
8,2,البربر هم مجموعة من الشعوب الأمازيغية
8,2,البربر هم مجموعة من القبايل الأمازيغية
8,2,البربر هم الشعوب الأمازيغية
8,2,البربر هم القبايل الأمازيغية
8,2,البربر هم مجموعة من الشعوب التي تتحدث اللغات الأمازيغية
8,2,تشير كلمة البربر إلى مجموعة متنوعة من الشعوب التي تنتمي إلى الأمازيغ
8,2,الأمازيغ المعروفون أيضًا باسم البربر يشكلون مجموعة متنوعة من الشعوب التي تتحدث اللغات الأمازيغية
8,2,يشير مصطلح البربر إلى مجموعة من الشعوب التي يمكن العثور عليها في مناطق مختلفة من شمال إفريقيا
8,4,البربر هم مجموعة من الشعوب التي تتحدث اللغات الأمازيغية وتتواجد في مناطق مختلفة من شمال إفريقيا
8,5,الأمازيغ المعروفون أيضًا باسم البربر يشكلون مجموعة متنوعة من الشعوب التي تتحدث اللغات الأمازيغية وتتواجد في دول مختلفة في شمال إفريقيا
8,2,الشعوب الأمازيغية
8,2,السكان الأمازيغ
8,2,البربر هم الأمازيغ
8,2,الأمازيغ
8,1,البربر هم مجموعة من الشعوب الافريقية
8,1,البربر هم مجموعة من الشعوب الذين عاشوا في إفريقيا
8,1,البربر هم مجموعة من الشعوب الذين عاشوا في شمال إفريقيا
8,1,البربر هم مجموعة من الشعوب الافريقية
8,1,البربر هم مجموعة من الشعوب الذين عاشوا في المغرب و الجزائر و تونس
8,1,البربر هم مجموعة من الشعوب الذين عاشوا في المغرب و الجزائر
8,1,البربر هم مجموعة من الشعوب الذين عاشوا في المغرب
8,0.5,البربر هم مجموعة من الشعوب 
8,0.5,يشير مصطلح البربر إلى مجموعة متنوعة من الشعوب
8,0,البربر هم مجموعة من القبايل 
8,0.5,البربر هم مجموعة عرقية أو لغوية
8,0.5,البربر هم سكان افريقيا 
8,0,البربر هم مجموعة من الشعوب الذين عاشوا في اوروبا
8,0,البربر هم مجموعة من الشعوب العربية
8,0,البربر هم الافارقة 
8,0,البربر هم سكان القبايل 
8,0,البربر هم سكان افريقيا 
8,0,البربر هم سكان المغرب 
8,0,البربر هم سكان  
8,0,البربر    
8,0,سكان القبايل
8,0,البربر هم المغاربة 
8,0,البربر هم العرب 
8,0,قبايل 
9,5,فرضت الحماية الفرنسية على المغرب في 1 مارس 1912 بعد توقيع معاهدة الحماية من طرف السلطان عبد الحفيظ
9,5,تم فرض الحماية الفرنسية على المغرب في 1 مارس 1912 بعد توقيع معاهدة الحماية من قبل السلطان عبد الحفيظ
9,5,1912 بعد توقيع معاهدة الحماية من قبل السلطان عبد الحفيظ فُرضت الحماية الفرنسية على المغرب في 1 مارس
9,5,في 1 مارس 1912 تم توقيع معاهدة الحماية من قبل السلطان عبد الحفيظ وفُرضت الحماية الفرنسية على المغرب بعد ذلك
9,5,في 1 مارس 1912 وقع السلطان عبد الحفيظ معاهدة الحماية وتم فرض الحماية الفرنسية على المغرب بعد ذلك
9,5,1912 بعد توقيع معاهدة الحماية من طرف السلطان عبد الحفيظ تم فرض الحماية الفرنسية على المغرب في 1 مارس
9,5,تم فرض الحماية الفرنسية على المغرب في 1 مارس 1912 بعدما وقع السلطان عبد الحفيظ معاهدة الحماية
9,5,بعد توقيع معاهدة الحماية من طرف السلطان عبد الحفيظ تم فرض الحماية الفرنسية على المغرب في نفس اليوم
9,5,في 1 مارس 1912 وافق السلطان عبد الحفيظ على توقيع معاهدة الحماية وفُرضت الحماية الفرنسية على المغرب بعد ذلك
9,5,تم فرض الحماية الفرنسية على المغرب في 1 مارس 1912 بعد توقيع معاهدة الحماية من طرف السلطان عبد الحفيظ
9,5,بعد توقيع معاهدة الحماية من طرف السلطان عبد الحفيظ تم فرض الحماية الفرنسية على المغرب في نفس السنة
9,5,في 1 مارس 1912 وقع السلطان عبد الحفيظ معاهدة الحماية وتم فرض الحماية الفرنسية على المغرب بعد ذلك
9,5,بعد توقيع معاهدة الحماية من طرف السلطان عبد الحفيظ تم فرض الحماية الفرنسية على المغرب في نفس اليوم
9,5,1912 توقيع معاهدة الحماية من قبل السلطان عبد الحفيظ أدى إلى فرض الحماية الفرنسية على المغرب في 1 مارس
9,5,في 1 مارس 1912 تم توقيع معاهدة الحماية من قبل السلطان عبد الحفيظ وفُرضت الحماية الفرنسية على المغرب بعد ذلك
9,5,1912 فُرضت الحماية الفرنسية على المغرب بعد توقيع معاهدة الحماية من قبل السلطان عبد الحفيظ في 1 مارس
9,4,فرضت الحماية الفرنسية على المغرب بعد توقيع معاهدة الحماية من طرف السلطان عبد الحفيظ
9,4,تم فرض الحماية الفرنسية على المغرب بعد توقيع معاهدة الحماية من قبل السلطان عبد الحفيظ
9,4,بعد توقيع معاهدة الحماية من قِبل السلطان عبد الحفيظ تم فرض الحماية الفرنسية على المغرب
9,4,في أعقاب توقيع معاهدة الحماية من قِبل السلطان عبد الحفيظ تم فرض الحماية الفرنسية على المغرب
9,4,بعد أن وقع السلطان عبد الحفيظ معاهدة الحماية تم فرض الحماية الفرنسية على المغرب
9,4,تم فرض الحماية الفرنسية على المغرب بعد توقيع معاهدة الحماية من قِبل السلطان عبد الحفيظ
9,4,على إثر توقيع معاهدة الحماية من قِبل السلطان عبد الحفيظ تم فرض الحماية الفرنسية على المغرب
9,4,تم فرض الحماية الفرنسية على المغرب بعد توقيع معاهدة الحماية من قِبل السلطان عبد الحفيظ
9,4,بعد توقيع السلطان عبد الحفيظ معاهدة الحماية تم فرض الحماية الفرنسية على المغرب
9,4,تم فرض الحماية الفرنسية على المغرب بعد توقيع معاهدة الحماية من قِبل السلطان عبد الحفيظ
9,4,بعد توقيع معاهدة الحماية من قِبل السلطان عبد الحفيظ تم فرض الحماية الفرنسية على المغرب
9,3,فرضت الحماية الفرنسية على المغرب في 1 مارس 1912 بعد توقيع معاهدة الحماية
9,3,تم فرض الحماية الفرنسية على المغرب في 1 مارس 1912 بعد توقيع معاهدة الحماية
9,3,1912 بعد توقيع معاهدة الحماية فُرضت الحماية الفرنسية على المغرب في 1 مارس
9,3,في 1 مارس 1912 تم توقيع معاهدة الحماية وفُرضت الحماية الفرنسية على المغرب بعد ذلك
9,3,في 1 مارس 1912 تم فرض الحماية الفرنسية على المغرب بعد توقيع معاهدة الحماية
9,3,1912 بعد توقيع معاهدة الحماية تم فرض الحماية الفرنسية على المغرب في 1 مارس
9,3,1912 تم فرض الحماية الفرنسية على المغرب بعد توقيع معاهدة الحماية في 1 مارس
9,3,في 1 مارس 1912 تم توقيع معاهدة الحماية وبعد ذلك فرضت الحماية الفرنسية على المغرب
9,3,تم فرض الحماية الفرنسية على المغرب في 1 مارس 1912 بعد توقيع معاهدة الحماية
9,3,بعد توقيع معاهدة الحماية في 1 مارس 1912 فُرضت الحماية الفرنسية على المغرب
9,3,1912 تم فرض الحماية الفرنسية على المغرب بعد توقيع معاهدة الحماية في 1 مارس
9,3,فرضت الحماية الفرنسية على المغرب في 1 مارس 1912 
9,3,1912 تم فرض الحماية الفرنسية على المغرب في 1 مارس
9,3,تم إقرار الحماية الفرنسية على المغرب في 1 مارس
9,3,1912 بدأت الحماية الفرنسية على المغرب في 1 مارس
9,3,كانت 1 مارس 1912 تاريخ فرض الحماية الفرنسية على المغرب
9,3,في 1 مارس 1912 تم فرض الحماية الفرنسية على المغرب
9,3,تاريخ 1 مارس 1912 شهد فرض الحماية الفرنسية على المغرب
9,3,في الثلاثين من مارس عام 1912 تم فرض الحماية الفرنسية على المغرب
9,3,مارس 1912 فرضت الحماية الفرنسية على المغرب
9,2,في 1 مارس 1912 
9,1,1912 
9,1,1912 عام 
9,1,1912 مارس
9,2,فرضت الحماية الفرنسية على المغرب  بعد توقيع معاهدة الحماية
9,2,تم فرض الحماية الفرنسية على المغرب بعد توقيع معاهدة الحماية
9,2,بعد توقيع معاهدة الحماية فُرضت الحماية الفرنسية على المغرب
9,2,بعد توقيع معاهدة الحماية تم فرض الحماية الفرنسية على المغرب
9,2,تم تطبيق الحماية الفرنسية على المغرب بعد توقيع معاهدة الحماية
9,2,بعد توقيع معاهدة الحماية أصبحت الحماية الفرنسية سارية المفعول على المغرب
9,2,تم فرض الحماية الفرنسية على المغرب بعد توقيع معاهدة الحماية بين الطرفين
9,2,بعد توقيع معاهدة الحماية تم تطبيق الحماية الفرنسية على المغرب
9,2,في أعقاب توقيع معاهدة الحماية تم فرض الحماية الفرنسية على المغرب
9,2,تم تفعيل الحماية الفرنسية على المغرب بعد توقيع معاهدة الحماية
9,2,بعد توقيع معاهدة الحماية أصبحت فرضية الحماية الفرنسية واقعة على المغرب
9,1,فرضت الحماية الفرنسية على المغرب في 1912 
9,1,في عام 1912 تم فرض الحماية الفرنسية على المغرب
9,1,تاريخ 1912 شهد فرض الحماية الفرنسية على المغرب
9,1,كان عام 1912 هو العام الذي فرضت فيه الحماية الفرنسية على المغرب
9,1,1912 بدأت الحماية الفرنسية على المغرب في عام
9,1,1912 تم فرض الحماية الفرنسية على المغرب في بداية عام
9,1,1912 
9,1,في عام 1912 تم تطبيق الحماية الفرنسية على المغرب
9,1,في بداية عام 1912 تم فرض الحماية الفرنسية على المغرب
9,1,كان عام 1912 هو العام الذي تم فيه فرض الحماية الفرنسية على المغرب
9,1,في عام 1912 تم إنشاء الحماية الفرنسية على المغرب
9,1,فرضت الحماية الفرنسية على المغرب 
9,1,تم فرض الحماية الفرنسية على المغرب
9,1,بدأت الحماية الفرنسية على المغرب
9,1,تم إقرار الحماية الفرنسية على المغرب
9,1,فُرضت السيطرة الفرنسية على المغرب
9,1,تم تطبيق الحماية الفرنسية على المغرب
9,1,تم تثبيت الحماية الفرنسية على المغرب
9,1,كانت الحماية الفرنسية سارية المفعول على المغرب
9,1,أصبحت فرضية الحماية الفرنسية واقعة على المغرب
9,1,تم إحلال الحماية الفرنسية على المغرب
9,1,تم تنفيذ الحماية الفرنسية على المغرب
9,0.5,الحماية الفرنسية هي الاستعمار الفرنسي
9,0.5,الحماية الفرنسية هي الاستعمار 
9,0.5,الحماية هي الاستعمار 
9,0.5,معاهدة الحماية هي الاستعمار 
9,0.5,يمكن اعتبار معاهدة الحماية استعمارًا
9,0.5,تعتبر معاهدة الحماية شكلًا من أشكال الاستعمار
9,0.5,الحماية هي شكل من أشكال الاستعمار وتنطبق على معاهدة الحماية
9,0.5,تمثل معاهدة الحماية نوعًا من الاستعمار
9,0.5,يمكن وصف معاهدة الحماية بأنها استعمار
9,0.5,تشكل معاهدة الحماية جزءًا من الاستعمار
9,0.5,تعد معاهدة الحماية تجسيدًا للأساليب الاستعمارية
9,0.5,تُعَدّ معاهدة الحماية بمثابة استعمار ينفذ بطريقة أخرى
9,0.5,تم استخدام معاهدة الحماية كأداة للتحكم والاستعمار
9,0.5,تُعَدّ معاهدة الحماية نوعًا من الاستعباد والاستعمار
9,5,هي الاستعمار 
9,0,الحماية الفرنسية هي الاستعمار الإسباني
9,0,الحماية الفرنسية
9,0,الحماية الفرنسية هي حركة سياسية
9,0,1 مارس  
9,0,مارس  
9,0,1
9,0,1911 مارس  
9,0,11  
10,5,كلمة المغرب تعني الغرب باللغة العربية و تستخدم لوصف المنطقة الغربية لشمال إفريقيا
10,5,تعني كلمة المغرب الغرب باللغة العربية و تستخدم لوصف المنطقة الغربية لشمال إفريقيا
10,5,كلمة المغرب تعني الغرب باللغة العربية و تستخدم لوصف المنطقة الغربية لشمال إفريقيا
10,5,كلمة المغرب تعني باللغة العربية الغرب و تستخدم لوصف المنطقة الغربية لشمال إفريقيا
10,5,تستخدم كلمة المغرب لوصف المنطقة الغربية لشمال إفريقيا و تعني الغرب باللغة العربية  
10,5,كلمة المغرب تستخدم لوصف المنطقة الغربية لشمال إفريقيا و تعني الغرب باللغة العربية  
10,5,كلمة المغرب تعني الغرب العربية و تستخدم لوصف المنطقة الغربية لشمال إفريقيا
10,5,المغرب باللغة العربية يعني الغرب وهو مصطلح يستخدم لوصف المنطقة الغربية في شمال إفريقيا
10,5,تعني كلمة المغرب باللغة العربية الغرب وهي تستخدم لوصف المنطقة الغربية في شمال إفريقيا
10,5,المغرب هو كلمة باللغة العربية تعني الغرب وتستعمل لوصف المنطقة الغربية لشمال إفريقيا
10,5,باللغة العربية كلمة المغرب تعني الغرب وتستخدم للإشارة إلى المنطقة الغربية في شمال إفريقيا
10,5,المغرب في اللغة العربية يعني الغرب ويستخدم عادة لوصف المنطقة الغربية في شمال إفريقيا
10,5,الكلمة المغرب في اللغة العربية تعني الغرب وتستخدم للإشارة إلى المنطقة الغربية في شمال إفريقيا
10,5,تعني كلمة المغرب باللغة العربية الغرب ويتم استخدامها لوصف المنطقة الغربية في شمال إفريقيا
10,5,المغرب باللغة العربية تعني الغرب ويُستخدم المصطلح للإشارة إلى المنطقة الغربية في شمال إفريقيا
10,5,يعني مصطلح المغرب باللغة العربية الغرب ويستخدم لوصف المنطقة الغربية في شمال إفريقيا
10,5,المغرب هو مصطلح باللغة العربية يعني الغرب ويتم استخدامه لوصف المنطقة الغربية في شمال إفريقيا
10,4,كلمة المغرب تعني الغرب و تستخدم لوصف المنطقة الغربية لشمال إفريقيا
10,4,كلمة المغرب تعني الغرب باللغة العربية و تستخدم لوصف المنطقة الغربية لإفريقيا
10,4,كلمة المغرب تعني الغرب باللغة العربية و تستخدم لوصف المنطقة الغربية
10,4,تعني الغرب باللغة العربية و تستخدم لوصف المنطقة الغربية لشمال إفريقيا
10,4,كلمة المغرب في اللغة العربية تعني الغرب وتستخدم لوصف المنطقة الغربية
10,4,يعني مصطلح المغرب باللغة العربية الغرب ويستخدم لوصف المنطقة الغربية
10,4,المغرب تعني الغرب في اللغة العربية وتستخدم لوصف المنطقة الغربية
10,4,كلمة المغرب تعني الغرب باللغة العربية ويتم استخدامها لوصف المنطقة الغربية
10,4,يعني مصطلح المغرب الغرب باللغة العربية ويستخدم للإشارة إلى المنطقة الغربية
10,4,تعني كلمة المغرب في اللغة العربية الغرب وتستخدم لوصف المنطقة الغربية
10,4,المغرب هي كلمة تعني الغرب باللغة العربية وتستخدم لوصف المنطقة الغربية
10,4,يستخدم مصطلح المغرب للدلالة على الغرب باللغة العربية ولوصف المنطقة الغربية
10,4,تعني كلمة المغرب باللغة العربية الغرب ويتم استخدامها للإشارة إلى المنطقة الغربية
10,2,كلمة المغرب تستخدم لوصف المنطقة الغربية لشمال إفريقيا
10,2,تستخدم كلمة المغرب لوصف المنطقة الغربية لشمال إفريقيا
10,2,تستخدم لوصف المنطقة الغربية لشمال إفريقيا
10,2,المغرب هو المصطلح المستخدم لوصف منطقة الغرب في شمال إفريقيا
10,2,يتم استخدام كلمة المغرب لوصف المنطقة الغربية في شمال إفريقيا
10,2,يستخدم مصطلح المغرب للإشارة إلى المنطقة الغربية لشمال إفريقيا
10,2,تستخدم كلمة المغرب لوصف المنطقة الغربية في شمال إفريقيا
10,2,المغرب هي كلمة تستخدم لوصف منطقة الغرب في شمال إفريقيا
10,2,الكلمة المغرب تستخدم للإشارة إلى المنطقة الغربية في شمال إفريقيا
10,2,تستخدم كلمة المغرب لوصف منطقة الغرب في شمال إفريقيا
10,2,المصطلح المغرب يشير إلى المنطقة الغربية في شمال إفريقيا
10,2,كلمة المغرب تستخدم للدلالة على المنطقة الغربية في شمال إفريقيا
10,2,يستخدم مصطلح المغرب لوصف المنطقة الغربية في شمال إفريقيا
10,2,كلمة المغرب تعني الغرب باللغة العربية
10,2,تعني كلمة المغرب الغرب باللغة العربية
10,2,باللغة العربية كلمة المغرب تعني الغرب 
10,2,المغرب تعني الغرب باللغة العربية
10,2,المغرب باللغة العربية يعني الغرب
10,2,تعني كلمة المغرب باللغة العربية الغرب
10,2,المغرب تعني الغرب باللغة العربية
10,2,يعني مصطلح المغرب باللغة العربية الغرب
10,2,كلمة المغرب في اللغة العربية تعني الغرب
10,1,تعني الغرب باللغة العربية
10,1,تستخدم كلمة المغرب لوصف المنطقة الغربية
10,1,كلمة المغرب تستخدم لوصف المنطقة الغربية
10,1,تستخدم لوصف المنطقة الغربية
10,1,تستخدم لوصف منطقة الغرب
10,1,يتم استخدامها للإشارة إلى المنطقة الغربية
10,1,تستعمل لوصف المنطقة الغربية
10,1,يتم استخدامها لوصف المنطقة الغربية من البلاد
10,1,تستخدم لوصف الجهة الغربية من المنطقة
10,1,تستخدم لوصف الجانب الغربي من المنطقة
10,1,كلمة المغرب تعني الغرب 
10,1,تعني الغرب  
10,1,تعبر عن الجهة الغربية
10,1,تدل على الجانب الغربي
10,1,تعني الاتجاه الغربي
10,1,تعبر عن المنطقة الغربية
10,1,تعني الجانب الغربي
10,10,الغرب  
10,0.5,المنطقة الغربية
10,0.5,الجهة الغربية
10,0.5,الجانب الغربي
10,0.5,الغربية
10,0.5,الجهة الغربية من البلد
10,0.5,المنطقة الغربية من البلد
10,0.5,الجانب الغربي من المنطقة
10,0.5,المنطقة الغربية للبلد
10,0.5,الجهة الغربية للمنطقة
10,0.5,الجانب الغربي للبلد
10,0.5,المنطقة الغربية في شمال إفريقيا
10,0,الاتجاه
10,0,المنطقة
10,0,الشرق
10,0,يتم استخدامها لوصف المنطقة  
10,0,تعني
10,0,الجهة
10,0,كلمة المغرب